"Rescale Algorithm	ML Algorithm	Accuracy	Precision	Recall	F1-Score	Confusion Matrix",,,,,,
RandomUnderSampler,KNN,0.981012658,0.963340122,1,0.981327801,[[457  18] [  0 473]]
RandomUnderSampler,Random Forest Classifier,0.992616034,0.985416667,1,0.992654774,[[468   7] [  0 473]]
RandomUnderSampler,Decision Tree Classifier,0.983122363,0.967280164,1,0.983367983,[[459  16] [  0 473]]
RandomUnderSampler,SVM,1,1,1,1,[[475   0] [  0 473]]
RandomUnderSampler,KNN,0.983122363,0.967346939,1,0.98340249,[[458  16] [  0 474]]
RandomUnderSampler,Random Forest Classifier,0.991561181,0.98340249,1,0.991631799,[[466   8] [  0 474]]
RandomUnderSampler,Decision Tree Classifier,0.990506329,0.98136646,1,0.990595611,[[465   9] [  0 474]]
RandomUnderSampler,SVM,1,1,1,1,[[474   0] [  0 474]]
RandomUnderSampler,KNN,0.978902954,0.959100204,1,0.979123173,[[459  20] [  0 469]]
RandomUnderSampler,Random Forest Classifier,0.991561181,0.983228512,1,0.99154334,[[471   8] [  0 469]]
RandomUnderSampler,Decision Tree Classifier,0.98628692,0.973029046,1,0.986330179,[[466  13] [  0 469]]
RandomUnderSampler,SVM,1,1,1,1,[[479   0] [  0 469]]
RandomUnderSampler,KNN,0.97257384,0.94921875,1,0.973947896,[[436  26] [  0 486]]
RandomUnderSampler,Random Forest Classifier,0.990506329,0.981818182,1,0.990825688,[[453   9] [  0 486]]
RandomUnderSampler,Decision Tree Classifier,0.977848101,0.958579882,1,0.978851964,[[441  21] [  0 486]]
RandomUnderSampler,SVM,1,1,1,1,[[462   0] [  0 486]]
RandomUnderSampler,KNN,0.983122363,0.967280164,1,0.983367983,[[459  16] [  0 473]]
RandomUnderSampler,Random Forest Classifier,0.997890295,0.995789474,1,0.997890295,[[473   2] [  0 473]]
RandomUnderSampler,Decision Tree Classifier,0.987341772,0.975257732,1,0.987473904,[[463  12] [  0 473]]
RandomUnderSampler,SVM,1,1,1,1,[[475   0] [  0 473]]
NearMiss,KNN,0.981012658,0.964566929,1,0.981963928,[[440  18] [  0 490]]
NearMiss,Random Forest Classifier,0.991561181,0.983935743,1,0.991902834,[[450   8] [  0 490]]
NearMiss,Decision Tree Classifier,0.976793249,0.95703125,1,0.978043912,[[436  22] [  0 490]]
NearMiss,SVM,1,1,1,1,[[458   0] [  0 490]]
NearMiss,KNN,0.974683544,0.952662722,1,0.975757576,[[441  24] [  0 483]]
NearMiss,Random Forest Classifier,0.995780591,0.991786448,1,0.995876289,[[461   4] [  0 483]]
NearMiss,Decision Tree Classifier,0.985232068,0.971830986,1,0.985714286,[[451  14] [  0 483]]
NearMiss,SVM,1,1,1,1,[[465   0] [  0 483]]
NearMiss,KNN,0.966244726,0.937254902,1,0.967611336,[[438  32] [  0 478]]
NearMiss,Random Forest Classifier,0.991561181,0.983539095,1,0.991701245,[[462   8] [  0 478]]
NearMiss,Decision Tree Classifier,0.982067511,0.965656566,1,0.982528263,[[453  17] [  0 478]]
NearMiss,SVM,1,1,1,1,[[470   0] [  0 478]]
NearMiss,KNN,0.985232068,0.972055888,1,0.98582996,[[447  14] [  0 487]]
NearMiss,Random Forest Classifier,0.995780591,0.99185336,1,0.99591002,[[457   4] [  0 487]]
NearMiss,Decision Tree Classifier,0.981012658,0.964356436,1,0.981854839,[[443  18] [  0 487]]
NearMiss,SVM,1,1,1,1,[[461   0] [  0 487]]
NearMiss,KNN,0.981012658,0.963114754,1,0.981210856,[[460  18] [  0 470]]
NearMiss,Random Forest Classifier,0.992616034,0.985324948,1,0.992608237,[[471   7] [  0 470]]
NearMiss,Decision Tree Classifier,0.979957806,0.961145194,1,0.980187696,[[459  19] [  0 470]]
NearMiss,SVM,1,1,1,1,[[478   0] [  0 470]]
Over0.1Under0.5,KNN,0.985232068,0.955414013,1,0.977198697,[[951  21] [  0 450]]
Over0.1Under0.5,Random Forest Classifier,0.999296765,0.997782705,1,0.998890122,[[971   1] [  0 450]]
Over0.1Under0.5,Decision Tree Classifier,0.985935302,0.957446809,1,0.97826087,[[952  20] [  0 450]]
Over0.1Under0.5,SVM,1,1,1,1,[[972   0] [  0 450]]
Over0.1Under0.5,KNN,0.985232068,0.957575758,1,0.978328173,[[927  21] [  0 474]]
Over0.1Under0.5,Random Forest Classifier,0.992264416,0.977319588,1,0.988529718,[[937  11] [  0 474]]
Over0.1Under0.5,Decision Tree Classifier,0.984528833,0.955645161,1,0.977319588,[[926  22] [  0 474]]
Over0.1Under0.5,SVM,1,1,1,1,[[948   0] [  0 474]]
Over0.1Under0.5,KNN,0.988748242,0.965292842,1,0.982339956,[[961  16] [  0 445]]
Over0.1Under0.5,Random Forest Classifier,0.995077356,0.984513274,1,0.99219621,[[970   7] [  0 445]]
Over0.1Under0.5,Decision Tree Classifier,0.985935302,0.956989247,1,0.978021978,[[957  20] [  0 445]]
Over0.1Under0.5,SVM,1,1,1,1,[[977   0] [  0 445]]
Over0.1Under0.5,KNN,0.988045007,0.966336634,1,0.982880161,[[917  17] [  0 488]]
Over0.1Under0.5,Random Forest Classifier,0.995077356,0.985858586,1,0.992878942,[[927   7] [  0 488]]
Over0.1Under0.5,Decision Tree Classifier,0.979606188,0.943907157,1,0.971144279,[[905  29] [  0 488]]
Over0.1Under0.5,SVM,1,1,1,1,[[934   0] [  0 488]]
Over0.1Under0.5,KNN,0.991561181,0.975855131,1,0.987780041,[[925  12] [  0 485]]
Over0.1Under0.5,Random Forest Classifier,0.99718706,0.991820041,1,0.995893224,[[933   4] [  0 485]]
Over0.1Under0.5,Decision Tree Classifier,0.983122363,0.952848723,1,0.975855131,[[913  24] [  0 485]]
Over0.1Under0.5,SVM,1,1,1,1,[[937   0] [  0 485]]
ClusterCentroids,KNN,0.9620253164556962,0.9271255060728745,1.0,0.9621848739495799,[[454  36] [  0 458]]
ClusterCentroids,Random Forest Classifier,0.9947257383966245,0.9892008639308856,1.0,0.99457111834962,[[485   5] [  0 458]]
ClusterCentroids,Decision Tree Classifier,0.9767932489451476,0.9541666666666667,1.0,0.9765458422174841,[[468  22] [  0 458]]
ClusterCentroids,SVM,1.0,1.0,1.0,1.0,[[490   0] [  0 458]]
ClusterCentroids,KNN,0.9672995780590717,0.9371196754563894,1.0,0.9675392670157067,[[455  31] [  0 462]]
ClusterCentroids,Random Forest Classifier,0.9936708860759493,0.9871794871794872,1.0,0.9935483870967742,[[480   6] [  0 462]]
ClusterCentroids,Decision Tree Classifier,0.9852320675105485,0.9705882352941176,1.0,0.9850746268656716,[[472  14] [  0 462]]
ClusterCentroids,SVM,1.0,1.0,1.0,1.0,[[486   0] [  0 462]]
ClusterCentroids,KNN,0.9651898734177216,0.930379746835443,1.0,0.9639344262295081,[[474  33] [  0 441]]
ClusterCentroids,Random Forest Classifier,0.9947257383966245,0.9887892376681614,1.0,0.9943630214205187,[[502   5] [  0 441]]
ClusterCentroids,Decision Tree Classifier,0.9841772151898734,0.9671052631578947,1.0,0.9832775919732442,[[492  15] [  0 441]]
ClusterCentroids,SVM,1.0,1.0,1.0,1.0,[[507   0] [  0 441]]
ClusterCentroids,KNN,0.9641350210970464,0.9296066252587992,1.0,0.9635193133047211,[[465  34] [  0 449]]
ClusterCentroids,Random Forest Classifier,0.9947257383966245,0.9889867841409692,1.0,0.9944629014396457,[[494   5] [  0 449]]
ClusterCentroids,Decision Tree Classifier,0.9831223628691983,0.9655913978494624,1.0,0.9824945295404814,[[483  16] [  0 449]]
ClusterCentroids,SVM,1.0,1.0,1.0,1.0,[[499   0] [  0 449]]
ClusterCentroids,KNN,0.9704641350210971,0.9426229508196722,1.0,0.9704641350210971,[[460  28] [  0 460]]
ClusterCentroids,Random Forest Classifier,0.9936708860759493,0.9871244635193133,1.0,0.9935205183585313,[[482   6] [  0 460]]
ClusterCentroids,Decision Tree Classifier,0.9820675105485233,0.9643605870020965,1.0,0.9818569903948774,[[471  17] [  0 460]]
ClusterCentroids,SVM,1.0,1.0,1.0,1.0,[[488   0] [  0 460]]
